region,activeUsers
Tokyo,2695
Osaka,654
Kanagawa,500
Saitama,344
Hokkaido,316
Aichi,287
Chiba,284
Fukuoka,220
Hyogo,137
Miyagi,116
Hiroshima,115
Shizuoka,115
Ibaraki,107
Kyoto,103
Niigata,92
Nagano,89
Gifu,77
Gunma,74
Tochigi,73
Mie,58
Aomori,56
Okayama,54
Ehime,46
Kumamoto,44
Yamaguchi,38
Fukushima,34
Ishikawa,34
Toyama,34
Tottori,33
Shiga,30
Shimane,30
Yamagata,28
Iwate,27
Kagoshima,27
Nara,25
Wakayama,24
Akita,22
Kagawa,22
Miyazaki,21
Kochi,17
Yamanashi,16
Nagasaki,15
Fukui,14
Saga,14
Oita,12
Okinawa,11
Tokushima,10
