country,activeUsers
Japan,6481
Netherlands,766
United States,246
Taiwan,87
India,83
Hong Kong,41
South Korea,38
China,37
United Kingdom,24
Germany,23
Indonesia,19
Australia,15
Singapore,15
Brazil,14
Romania,12
Spain,12
France,10
Vietnam,10
Malaysia,9
Philippines,9
Poland,9
Colombia,7
Ecuador,7
Bangladesh,6
New Zealand,6
Thailand,6
Canada,5
Finland,4
Estonia,3
Lithuania,3
Mexico,3
Czechia,2
Italy,2
Portugal,2
Russia,2
Sweden,2
Macao,1
Moldova,1
Puerto Rico,1
Saudi Arabia,1
Switzerland,1
Türkiye,1
Ukraine,1
Venezuela,1
